{
    "max_depth": 7,
    "min_child_weight": 1,
    "gamma": 0.0,
    "lambda": 0.5,
    "alpha": 0.6000000000000001,
    "learning_rate": 0.09659529798664028,
    "subsample": 1.0,
    "colsample_bytree": 0.7
}